<?xml version="1.0" encoding="UTF-8"?>
<beans xmlns="http://www.springframework.org/schema/beans"
    xmlns:p="http://www.springframework.org/schema/p"
    xmlns:context="http://www.springframework.org/schema/context"
    xmlns:mvc="http://www.springframework.org/schema/mvc"
    xmlns:xsi="http://www.w3.org/2001/XMLSchema-instance"
    xsi:schemaLocation="http://www.springframework.org/schema/beans
        http://www.springframework.org/schema/beans/spring-beans.xsd
        http://www.springframework.org/schema/context
        http://www.springframework.org/schema/context/spring-context.xsd
        http://www.springframework.org/schema/mvc
        http://www.springframework.org/schema/mvc/spring-mvc.xsd">
    
    <context:component-scan base-package="bitcamp.java106.pms.web">
        <context:exclude-filter type="aspectj" 
            expression="bitcamp.java106.pms.web.*Controller"/>
    </context:component-scan>
    
    <mvc:annotation-driven enable-matrix-variables="true"/>
    
    
    <!-- 
    <mvc:interceptors>
        <mvc:interceptor>
            <mvc:mapping path="/**"/>
            <mvc:exclude-mapping path="/auth/**"/>
            <bean class="bitcamp.java106.pms.web.interceptor.AuthCheckInterceptor"/>
        </mvc:interceptor>
    </mvc:interceptors>
    -->
</beans>






