{"response":{"header":{"resultCode":"0000","resultMsg":"OK"},
"body":{"items":{"item":[{"addr1":"제주특별자치도 서귀포시 남원읍 신례동로 256","areacode":39,"cat1":"A02","cat2":"A0202","cat3":"A02020600",
"contentid":322836,"contenttypeid":12,"createdtime":20071211113035,"firstimage":"http:\/\/tong.visitkorea.or.kr\/cms\/resource\/02\/2038802_image2_1.jpg",
"firstimage2":"http:\/\/tong.visitkorea.or.kr\/cms\/resource\/02\/2038802_image2_1.jpg","mapx":126.6344317363,"mapy":33.3085171454,"mlevel":6,"modifiedtime":20180403085533,
"readcount":497876,"sigungucode":3,"title":"휴애리자연생활공원","zipcode":63608},
{"addr1":"제주특별자치도 서귀포시 성산읍 섭지코지로 107",
"areacode":39,"cat1":"A01","cat2":"A0101","cat3":"A01011100","contentid":127813,"contenttypeid":12,"createdtime":20030827000000,
"firstimage":"http:\/\/tong.visitkorea.or.kr\/cms\/resource\/49\/1617249_image2_1.jpg","firstimage2":"http:\/\/tong.visitkorea.or.kr\/cms\/resource\/49\/1617249_image3_1.jpg",
"mapx":"126.9304506830","mapy":"33.4238258360","mlevel":6,"modifiedtime":20180321163036,"readcount":220225,"sigungucode":3,"title":"섭지코지","zipcode":63642},
{"addr1":"제주특별자치도 서귀포시 성산읍 일출로 284-12","areacode":39,"cat1":"A01","cat2":"A0101","cat3":"A01010500","contentid":126435,"contenttypeid":12,"createdtime":20030722000000,"firstimage":"http:\/\/tong.visitkorea.or.kr\/cms\/resource\/85\/1876185_image2_1.jpg","firstimage2":"http:\/\/tong.visitkorea.or.kr\/cms\/resource\/85\/1876185_image3_1.jpg","mapx":126.9415156012,"mapy":33.4581111174,"mlevel":6,"modifiedtime":20180410145950,"readcount":127836,"sigungucode":3,"title":"성산일출봉 [유네스코 세계자연유산]","zipcode":63643},{"addr1":"제주특별자치도 서귀포시 안덕면 산방로 218-10","addr2":"(안덕면)","areacode":39,"cat1":"A01","cat2":"A0101","cat3":"A01011100","contentid":228854,"contenttypeid":12,"createdtime":20031121000000,"firstimage":"http:\/\/tong.visitkorea.or.kr\/cms\/resource\/43\/2369543_image2_1.jpg","firstimage2":"http:\/\/tong.visitkorea.or.kr\/cms\/resource\/43\/2369543_image3_1.jpg","mapx":"126.3145222990","mapy":33.2322593962,"mlevel":6,"modifiedtime":20180706131444,"readcount":122331,"sigungucode":3,"title":"용머리해안","zipcode":63528},{"addr1":"제주특별자치도 서귀포시 쇠소깍로 128","addr2":"(하효동)","areacode":39,"cat1":"A01","cat2":"A0101","cat3":"A01010900","contentid":129617,"contenttypeid":12,"createdtime":20070713000000,"firstimage":"http:\/\/tong.visitkorea.or.kr\/cms\/resource\/10\/1786510_image2_1.jpg","firstimage2":"http:\/\/tong.visitkorea.or.kr\/cms\/resource\/10\/1786510_image3_1.jpg","mapx":126.6231006558,"mapy":33.2521787368,"mlevel":6,"modifiedtime":20180611113334,"readcount":118988,"sigungucode":3,"title":"쇠소깍","zipcode":63600},{"addr1":"제주특별자치도 제주시 구좌읍 만장굴길 182","addr2":"(구좌읍)","areacode":39,"cat1":"A01","cat2":"A0101","cat3":"A01011900","contentid":126452,"contenttypeid":12,"createdtime":20040226000000,"firstimage":"http:\/\/tong.visitkorea.or.kr\/cms\/resource\/13\/531513_image2_1.jpg","firstimage2":"http:\/\/tong.visitkorea.or.kr\/cms\/resource\/13\/531513_image3_1.jpg","mapx":126.7706788052,"mapy":33.5280478463,"mlevel":6,"modifiedtime":20171220170400,"readcount":116414,"sigungucode":4,"title":"만장굴 [유네스코 세계자연유산]","zipcode":63348},{"addr1":"제주특별자치도 서귀포시 천제연로 132","addr2":"(중문동)","areacode":39,"cat1":"A01","cat2":"A0101","cat3":"A01010800","contentid":126439,"contenttypeid":12,"createdtime":20030925000000,"firstimage":"http:\/\/tong.visitkorea.or.kr\/cms\/resource\/12\/1941612_image2_1.jpg","firstimage2":"http:\/\/tong.visitkorea.or.kr\/cms\/resource\/12\/1941612_image3_1.jpg","mapx":126.4184294967,"mapy":33.2526559999,"mlevel":6,"modifiedtime":20180706131358,"readcount":109095,"sigungucode":3,"title":"천제연폭포","zipcode":63546},{"addr1":"제주특별자치도 제주시 용두암길","addr2":"(제주올레길17코스)","areacode":39,"cat1":"A01","cat2":"A0101","cat3":"A01011100","contentid":228853,"contenttypeid":12,"createdtime":20030619000000,"firstimage":"http:\/\/tong.visitkorea.or.kr\/cms\/resource\/08\/197808_image2_1.jpg","firstimage2":"http:\/\/tong.visitkorea.or.kr\/cms\/resource\/08\/197808_image3_1.jpg","mapx":126.5119710049,"mapy":33.5158033889,"mlevel":5,"modifiedtime":20180618105837,"readcount":86919,"sigungucode":4,"title":"용두암","zipcode":63152},{"addr1":"제주 제주시 추자면 대서리","areacode":39,"cat1":"A01","cat2":"A0101","cat3":"A01011300","contentid":127863,"contenttypeid":12,"createdtime":20031021000000,"firstimage":"http:\/\/tong.visitkorea.or.kr\/cms\/resource\/90\/870990_image2_1.jpg","firstimage2":"http:\/\/tong.visitkorea.or.kr\/cms\/resource\/90\/870990_image3_1.jpg","mapx":126.2939160222,"mapy":33.9585423904,"mlevel":6,"modifiedtime":20171019144312,"readcount":81492,"sigungucode":4,"title":"추자도","zipcode":"695-850"},{"addr1":"제주특별자치도 서귀포시 표선면 성읍정의현로 104","addr2":"(성읍리)","areacode":39,"cat1":"A02","cat2":"A0201","cat3":"A02010600","contentid":126471,"contenttypeid":12,"createdtime":20030925000000,"firstimage":"http:\/\/tong.visitkorea.or.kr\/cms\/resource\/93\/2364393_image2_1.jpg","firstimage2":"http:\/\/tong.visitkorea.or.kr\/cms\/resource\/93\/2364393_image3_1.jpg","mapx":126.8012376121,"mapy":33.3917550703,"mlevel":6,"modifiedtime":20171023113439,"readcount":80210,"sigungucode":3,"title":"성읍민속마을","zipcode":63624},{"addr1":"제주특별자치도 제주시 한림읍 한림로","addr2":"(협재리)","areacode":39,"cat1":"A01","cat2":"A0101","cat3":"A01011200","contentid":127490,"contenttypeid":12,"createdtime":20030925000000,"firstimage":"http:\/\/tong.visitkorea.or.kr\/cms\/resource\/73\/218873_image2_1.jpg","firstimage2":"http:\/\/tong.visitkorea.or.kr\/cms\/resource\/73\/218873_image3_1.jpg","mapx":126.2397752101,"mapy":33.3933487521,"mlevel":6,"modifiedtime":20180612142751,"readcount":78991,"sigungucode":4,"title":"협재해변","zipcode":63011},{"addr1":"제주특별자치도 제주시 명림로 584","addr2":"(봉개동)","areacode":39,"cat1":"A01","cat2":"A0101","cat3":"A01010600","contentid":127479,"contenttypeid":12,"createdtime":20031028000000,"firstimage":"http:\/\/tong.visitkorea.or.kr\/cms\/resource\/10\/2364410_image2_1.jpg","firstimage2":"http:\/\/tong.visitkorea.or.kr\/cms\/resource\/10\/2364410_image3_1.jpg","mapx":126.6270767045,"mapy":33.4361251528,"mlevel":6,"modifiedtime":20180405152309,"readcount":77012,"sigungucode":4,"title":"제주절물자연휴양림","zipcode":63313},{"addr1":"제주특별자치도 서귀포시 서흥동","areacode":39,"cat1":"A01","cat2":"A0102","cat3":"A01020200","contentid":126470,"contenttypeid":12,"createdtime":20030619000000,"firstimage":"http:\/\/tong.visitkorea.or.kr\/cms\/resource\/91\/2023691_image2_1.jpg","firstimage2":"http:\/\/tong.visitkorea.or.kr\/cms\/resource\/91\/2023691_image3_1.jpg","mapx":"126.5450466010","mapy":33.2390650558,"mlevel":6,"modifiedtime":20180521145253,"readcount":72055,"sigungucode":3,"title":"외돌개(제주)","zipcode":63594},{"addr1":"제주특별자치도 제주시 1100로 2070-61","areacode":39,"cat1":"A01","cat2":"A0101","cat3":"A01010100","contentid":127635,"contenttypeid":12,"createdtime":20030929000000,"firstimage":"http:\/\/tong.visitkorea.or.kr\/cms\/resource\/43\/1036843_image2_1.jpg","firstimage2":"http:\/\/tong.visitkorea.or.kr\/cms\/resource\/43\/1036843_image3_1.jpg","mapx":126.4952752906,"mapy":33.3905253182,"mlevel":6,"modifiedtime":20171011133819,"readcount":71686,"sigungucode":4,"title":"한라산국립공원 [유네스코 세계자연유산]","zipcode":63077},{"addr1":"제주 제주시 우도면 고수물길","areacode":39,"cat1":"A01","cat2":"A0101","cat3":"A01011300","contentid":127336,"contenttypeid":12,"createdtime":20031121000000,"firstimage":"http:\/\/tong.visitkorea.or.kr\/cms\/resource\/08\/1954208_image2_1.jpg","firstimage2":"http:\/\/tong.visitkorea.or.kr\/cms\/resource\/08\/1954208_image3_1.jpg","mapx":126.9567104921,"mapy":33.5020481759,"mlevel":6,"modifiedtime":20171219144948,"readcount":71164,"sigungucode":4,"title":"우도해양도립공원","zipcode":"695-820"},{"addr1":"제주특별자치도 서귀포시 돈내코로 114","addr2":"(상효동)","areacode":39,"cat1":"A01","cat2":"A0101","cat3":"A01010900","contentid":126441,"contenttypeid":12,"createdtime":20030908000000,"firstimage":"http:\/\/tong.visitkorea.or.kr\/cms\/resource\/24\/1617124_image2_1.jpg","firstimage2":"http:\/\/tong.visitkorea.or.kr\/cms\/resource\/24\/1617124_image3_1.jpg","mapx":126.5849001096,"mapy":33.3000478472,"mlevel":6,"modifiedtime":20180608135713,"readcount":64761,"sigungucode":3,"tel":"064-733-1584","title":"돈내코","zipcode":63582},{"addr1":"제주특별자치도 서귀포시 이어도로 36-30","addr2":"(중문동)","areacode":39,"cat1":"A01","cat2":"A0101","cat3":"A01011100","contentid":127053,"contenttypeid":12,"createdtime":20030723000000,"firstimage":"http:\/\/tong.visitkorea.or.kr\/cms\/resource\/93\/197693_image2_1.jpg","firstimage2":"http:\/\/tong.visitkorea.or.kr\/cms\/resource\/93\/197693_image3_1.jpg","mapx":126.4261180463,"mapy":33.2380021831,"mlevel":6,"modifiedtime":20180706131336,"readcount":64673,"sigungucode":3,"title":"주상절리대(대포동지삿개)","zipcode":63547},{"addr1":"제주특별자치도 서귀포시 대정읍 가파로","addr2":"일대","areacode":39,"cat1":"A01","cat2":"A0101","cat3":"A01011300","contentid":126446,"contenttypeid":12,"createdtime":20030909000000,"firstimage":"http:\/\/tong.visitkorea.or.kr\/cms\/resource\/18\/1999118_image2_1.jpg","firstimage2":"http:\/\/tong.visitkorea.or.kr\/cms\/resource\/18\/1999118_image3_1.jpg","mapx":126.2735884192,"mapy":33.1664326869,"mlevel":6,"modifiedtime":20171020170355,"readcount":61940,"sigungucode":3,"title":"가파도","zipcode":63514},{"addr1":"제주특별자치도 서귀포시 대정읍 마라로101번길 46","areacode":39,"cat1":"A01","cat2":"A0101","cat3":"A01011300","contentid":126450,"contenttypeid":12,"createdtime":20030925000000,"firstimage":"http:\/\/tong.visitkorea.or.kr\/cms\/resource\/05\/200105_image2_1.jpg","firstimage2":"http:\/\/tong.visitkorea.or.kr\/cms\/resource\/05\/200105_image3_1.jpg","mapx":126.2674344514,"mapy":33.1186350844,"mlevel":6,"modifiedtime":20170424141356,"readcount":60529,"sigungucode":3,"title":"마라도(마라해양도립공원)","zipcode":63515},{"addr1":"제주특별자치도 제주시 한림읍 한림해안로 146","addr2":"(한림읍)","areacode":39,"cat1":"A01","cat2":"A0101","cat3":"A01011300","contentid":127529,"contenttypeid":12,"createdtime":20030909000000,"firstimage":"http:\/\/tong.visitkorea.or.kr\/cms\/resource\/94\/2497494_image2_1.jpg","firstimage2":"http:\/\/tong.visitkorea.or.kr\/cms\/resource\/94\/2497494_image2_1.jpg","mapx":126.2274926158,"mapy":33.4081108143,"mlevel":6,"modifiedtime":20180523151804,"readcount":58395,"sigungucode":4,"title":"비양도","zipcode":63032},{"addr1":"제주특별자치도 제주시 조천읍 선교로 569-36","areacode":39,"cat1":"A01","cat2":"A0101","cat3":"A01010400","contentid":636266,"contenttypeid":12,"createdtime":20081013090519,"firstimage":"http:\/\/tong.visitkorea.or.kr\/cms\/resource\/89\/656789_image2_1.jpg","firstimage2":"http:\/\/tong.visitkorea.or.kr\/cms\/resource\/89\/656789_image3_1.jpg","mapx":126.7147325126,"mapy":33.4569159249,"mlevel":6,"modifiedtime":20180514145622,"readcount":57413,"sigungucode":4,"title":"거문오름 [세계자연유산]","zipcode":63341},{"addr1":"제주특별자치도 서귀포시 안덕면 산방로 218-10","addr2":"(안덕면)","areacode":39,"cat1":"A01","cat2":"A0101","cat3":"A01010400","contentid":127861,"contenttypeid":12,"createdtime":20030627000000,"firstimage":"http:\/\/tong.visitkorea.or.kr\/cms\/resource\/90\/1954190_image2_1.jpg","firstimage2":"http:\/\/tong.visitkorea.or.kr\/cms\/resource\/90\/1954190_image3_1.jpg","mapx":126.3115002498,"mapy":33.2362672397,"mlevel":6,"modifiedtime":20180713152938,"readcount":56748,"sigungucode":3,"title":"산방산(제주)","zipcode":63528},{"addr1":"제주특별자치도 서귀포시 중문관광로 93","addr2":"(색달동)","areacode":39,"cat1":"A01","cat2":"A0101","cat3":"A01010700","contentid":126464,"contenttypeid":12,"createdtime":20040224000000,"firstimage":"http:\/\/tong.visitkorea.or.kr\/cms\/resource\/38\/1207538_image2_1.jpg","firstimage2":"http:\/\/tong.visitkorea.or.kr\/cms\/resource\/38\/1207538_image3_1.jpg","mapx":126.4142854128,"mapy":33.2526059401,"mlevel":6,"modifiedtime":20171226160944,"readcount":55039,"sigungucode":3,"title":"여미지식물원","zipcode":63535},{"addr1":"제주특별자치도 제주시 한경면 녹차분재로 462","areacode":39,"cat1":"A02","cat2":"A0202","cat3":"A02020600","contentid":642353,"contenttypeid":12,"createdtime":20081027143955,"firstimage":"http:\/\/tong.visitkorea.or.kr\/cms\/resource\/59\/650459_image2_1.jpg","firstimage2":"http:\/\/tong.visitkorea.or.kr\/cms\/resource\/59\/650459_image3_1.jpg","mapx":"126.2737073470","mapy":33.3146135482,"mlevel":6,"modifiedtime":20170322140940,"readcount":54994,"sigungucode":4,"title":"제주 유리의성","zipcode":63005},{"addr1":"제주특별자치도 서귀포시 중문관광로72번길","addr2":"(색달동)","areacode":39,"cat1":"A01","cat2":"A0101","cat3":"A01011200","contentid":126449,"contenttypeid":12,"createdtime":20030925000000,"firstimage":"http:\/\/tong.visitkorea.or.kr\/cms\/resource\/36\/1617136_image2_1.jpg","firstimage2":"http:\/\/tong.visitkorea.or.kr\/cms\/resource\/36\/1617136_image3_1.jpg","mapx":126.4066417501,"mapy":33.2472758529,"mlevel":6,"modifiedtime":20180612145832,"readcount":54690,"sigungucode":3,"title":"중문·색달 해변","zipcode":63535},{"addr1":"제주특별자치도 서귀포시 대정읍 송악관광로","addr2":"(상모리)","areacode":39,"cat1":"A01","cat2":"A0101","cat3":"A01010400","contentid":126672,"contenttypeid":12,"createdtime":20030424000000,"firstimage":"http:\/\/tong.visitkorea.or.kr\/cms\/resource\/30\/1620230_image2_1.jpg","firstimage2":"http:\/\/tong.visitkorea.or.kr\/cms\/resource\/30\/1620230_image3_1.jpg","mapx":126.2907750868,"mapy":33.1994515348,"mlevel":6,"modifiedtime":20180717095728,"readcount":53412,"sigungucode":3,"title":"송악산","zipcode":63512},{"addr1":"제주특별자치도 제주시 조천읍 비자림로 768","areacode":39,"cat1":"A01","cat2":"A0101","cat3":"A01010400","contentid":126474,"contenttypeid":12,"createdtime":20040226000000,"firstimage":"http:\/\/tong.visitkorea.or.kr\/cms\/resource\/87\/2364387_image2_1.jpg","firstimage2":"http:\/\/tong.visitkorea.or.kr\/cms\/resource\/87\/2364387_image3_1.jpg","mapx":126.6928183084,"mapy":33.4323127375,"mlevel":6,"modifiedtime":20180718094134,"readcount":52162,"sigungucode":4,"title":"산굼부리","zipcode":63346},{"addr1":"제주특별자치도 서귀포시 안덕면 병악로 166","addr2":"(안덕면)","areacode":39,"cat1":"A01","cat2":"A0101","cat3":"A01010700","contentid":741109,"contenttypeid":12,"createdtime":20090526110728,"firstimage":"http:\/\/tong.visitkorea.or.kr\/cms\/resource\/39\/1954539_image2_1.jpg","firstimage2":"http:\/\/tong.visitkorea.or.kr\/cms\/resource\/39\/1954539_image3_1.jpg","mapx":126.3682663519,"mapy":33.2898983201,"mlevel":6,"modifiedtime":20170821173923,"readcount":51838,"sigungucode":3,"tel":"064-792-0088","title":"카멜리아힐","zipcode":63526},{"addr1":"제주특별자치도 제주시 구좌읍 만장굴길 122","areacode":39,"cat1":"A02","cat2":"A0202","cat3":"A02020700","contentid":127046,"contenttypeid":12,"createdtime":20031105000000,"firstimage":"http:\/\/tong.visitkorea.or.kr\/cms\/resource\/57\/1206057_image2_1.jpg","firstimage2":"http:\/\/tong.visitkorea.or.kr\/cms\/resource\/57\/1206057_image3_1.jpg","mapx":126.7719979535,"mapy":33.5359525482,"mlevel":6,"modifiedtime":20180104133856,"readcount":51421,"sigungucode":4,"tel":"064-782-9266~7","title":"김녕미로공원","zipcode":63348},{"addr1":"제주특별자치도 제주시 구좌읍 종달논길","addr2":"(구좌읍)","areacode":39,"cat1":"A01","cat2":"A0101","cat3":"A01010400","contentid":572960,"contenttypeid":12,"createdtime":20080611211459,"firstimage":"http:\/\/tong.visitkorea.or.kr\/cms\/resource\/24\/1854324_image2_1.jpg","firstimage2":"http:\/\/tong.visitkorea.or.kr\/cms\/resource\/24\/1854324_image3_1.jpg","mapx":126.8320556271,"mapy":33.4588064928,"mlevel":6,"modifiedtime":20171023174706,"readcount":50786,"sigungucode":4,"title":"용눈이오름","zipcode":63364},{"addr1":"제주특별자치도 제주시 구좌읍 비자숲길","addr2":"일대","areacode":39,"cat1":"A01","cat2":"A0101","cat3":"A01010700","contentid":126472,"contenttypeid":12,"createdtime":20040226000000,"firstimage":"http:\/\/tong.visitkorea.or.kr\/cms\/resource\/97\/600097_image2_1.jpg","firstimage2":"http:\/\/tong.visitkorea.or.kr\/cms\/resource\/97\/600097_image3_1.jpg","mapx":126.8074904603,"mapy":33.4862530625,"mlevel":6,"modifiedtime":20180702100852,"readcount":50298,"sigungucode":4,"title":"비자림","zipcode":63351},{"addr1":"제주특별자치도 서귀포시 성산읍 중산간동로 4150-30","addr2":"(성산읍)","areacode":39,"cat1":"A02","cat2":"A0202","cat3":"A02020200","contentid":127857,"contenttypeid":12,"createdtime":20030701000000,"firstimage":"http:\/\/tong.visitkorea.or.kr\/cms\/resource\/90\/170990_image2_1.jpg","firstimage2":"http:\/\/tong.visitkorea.or.kr\/cms\/resource\/90\/170990_image3_1.jpg","mapx":126.8422676322,"mapy":33.3812096725,"mlevel":6,"modifiedtime":20170609105949,"readcount":49649,"sigungucode":3,"tel":"064-784-2080","title":"일출랜드","zipcode":63635},{"addr1":"제주특별자치도 제주시 수목원길 72","addr2":"(연동)","areacode":39,"cat1":"A01","cat2":"A0101","cat3":"A01010700","contentid":127514,"contenttypeid":12,"createdtime":20040224000000,"firstimage":"http:\/\/tong.visitkorea.or.kr\/cms\/resource\/37\/1205437_image2_1.jpg","firstimage2":"http:\/\/tong.visitkorea.or.kr\/cms\/resource\/37\/1205437_image3_1.jpg","mapx":126.4911627532,"mapy":33.4694359689,"mlevel":6,"modifiedtime":20171226163225,"readcount":49569,"sigungucode":4,"tel":"064-710-7575, 746-4423","title":"한라수목원","zipcode":63143},{"addr1":"제주특별자치도 서귀포시 칠십리로214번길","addr2":"(동홍동) 제주올레길 6코스","areacode":39,"cat1":"A01","cat2":"A0101","cat3":"A01010800","contentid":126437,"contenttypeid":12,"createdtime":20030908000000,"firstimage":"http:\/\/tong.visitkorea.or.kr\/cms\/resource\/72\/2364372_image2_1.jpg","firstimage2":"http:\/\/tong.visitkorea.or.kr\/cms\/resource\/72\/2364372_image3_1.jpg","mapx":126.5634499526,"mapy":33.2662179071,"mlevel":6,"modifiedtime":20180706131311,"readcount":49289,"sigungucode":3,"tel":"064-733-1530","title":"정방폭포","zipcode":63599},{"addr1":"제주특별자치도 제주시 한경면 중산간서로","addr2":"(한경면)","areacode":39,"cat1":"A01","cat2":"A0101","cat3":"A01010400","contentid":1351196,"contenttypeid":12,"createdtime":20110804151957,"firstimage":"http:\/\/tong.visitkorea.or.kr\/cms\/resource\/46\/1287546_image2_1.jpg","firstimage2":"http:\/\/tong.visitkorea.or.kr\/cms\/resource\/46\/1287546_image3_1.jpg","mapx":126.2517754921,"mapy":33.3338221918,"mlevel":6,"modifiedtime":20171226163422,"readcount":48173,"sigungucode":4,"title":"저지오름(닥몰오름,새오름)","zipcode":63007},{"addr1":"제주특별자치도 제주시 구좌읍 금백조로","addr2":"(송당리)","areacode":39,"cat1":"A01","cat2":"A0101","cat3":"A01010400","contentid":1351320,"contenttypeid":12,"createdtime":20110804154638,"firstimage":"http:\/\/tong.visitkorea.or.kr\/cms\/resource\/75\/1287475_image2_1.jpg","firstimage2":"http:\/\/tong.visitkorea.or.kr\/cms\/resource\/75\/1287475_image3_1.jpg","mapx":126.7773495159,"mapy":33.4476124043,"mlevel":6,"modifiedtime":20171023135436,"readcount":47845,"sigungucode":4,"title":"아부오름","zipcode":63355},{"addr1":"제주특별자치도 서귀포시 1100로 882","addr2":"(대포동)","areacode":39,"cat1":"A01","cat2":"A0101","cat3":"A01010600","contentid":128175,"contenttypeid":12,"createdtime":20040625000000,"firstimage":"http:\/\/tong.visitkorea.or.kr\/cms\/resource\/11\/1207811_image2_1.jpg","firstimage2":"http:\/\/tong.visitkorea.or.kr\/cms\/resource\/11\/1207811_image3_1.jpg","mapx":126.4630826543,"mapy":33.3108197268,"mlevel":6,"modifiedtime":20171012135629,"readcount":46703,"sigungucode":3,"title":"서귀포자연휴양림","zipcode":63554},{"addr1":"제주특별자치도 제주시 애월읍 금성5길","addr2":"(곽지리)","areacode":39,"cat1":"A01","cat2":"A0101","cat3":"A01011200","contentid":127870,"contenttypeid":12,"createdtime":20031020000000,"firstimage":"http:\/\/tong.visitkorea.or.kr\/cms\/resource\/43\/599843_image2_1.jpg","firstimage2":"http:\/\/tong.visitkorea.or.kr\/cms\/resource\/43\/599843_image3_1.jpg","mapx":126.3046460715,"mapy":33.4502629165,"mlevel":6,"modifiedtime":20180612144605,"readcount":45882,"sigungucode":4,"title":"곽지과물해변","zipcode":63034},{"addr1":"제주특별자치도 제주시 516로 2480","addr2":"(용강동)","areacode":39,"cat1":"A02","cat2":"A0203","cat3":"A02030400","contentid":637212,"contenttypeid":12,"createdtime":20081013163147,"firstimage":"http:\/\/tong.visitkorea.or.kr\/cms\/resource\/55\/637255_image2_1.jpg","firstimage2":"http:\/\/tong.visitkorea.or.kr\/cms\/resource\/55\/637255_image3_1.jpg","mapx":"126.6037011490","mapy":33.4276201646,"mlevel":6,"modifiedtime":20180514153132,"readcount":45588,"sigungucode":4,"tel":"064-710-7941","title":"제주마방목지","zipcode":63312},{"addr1":"제주특별자치도 서귀포시 성산읍 섭지코지로 88","areacode":39,"cat1":"A01","cat2":"A0101","cat3":"A01011200","contentid":126447,"contenttypeid":12,"createdtime":20030707000000,"firstimage":"http:\/\/tong.visitkorea.or.kr\/cms\/resource\/51\/1617251_image2_1.jpg","firstimage2":"http:\/\/tong.visitkorea.or.kr\/cms\/resource\/51\/1617251_image3_1.jpg","mapx":126.9235704646,"mapy":33.4351022575,"mlevel":6,"modifiedtime":20180612145618,"readcount":44453,"sigungucode":3,"title":"신양 섭지코지해변","zipcode":63641},{"addr1":"제주특별자치도 제주시 한경면 고산리","addr2":"산 103","areacode":39,"cat1":"A01","cat2":"A0101","cat3":"A01011300","contentid":126444,"contenttypeid":12,"createdtime":20030925000000,"firstimage":"http:\/\/tong.visitkorea.or.kr\/cms\/resource\/11\/198511_image2_1.jpg","firstimage2":"http:\/\/tong.visitkorea.or.kr\/cms\/resource\/11\/198511_image3_1.jpg","mapx":126.1475739333,"mapy":33.3116174625,"mlevel":6,"modifiedtime":20161215172024,"readcount":43703,"sigungucode":4,"title":"차귀도","zipcode":63008},{"addr1":"제주특별자치도 서귀포시 표선면 민속해안로","addr2":"(표선리)","areacode":39,"cat1":"A01","cat2":"A0101","cat3":"A01011200","contentid":128794,"contenttypeid":12,"createdtime":20060220000000,"firstimage":"http:\/\/tong.visitkorea.or.kr\/cms\/resource\/05\/1618205_image2_1.jpg","firstimage2":"http:\/\/tong.visitkorea.or.kr\/cms\/resource\/05\/1618205_image3_1.jpg","mapx":126.8396357961,"mapy":33.3256435401,"mlevel":6,"modifiedtime":20180627112135,"readcount":43088,"sigungucode":3,"title":"표선 해비치 해변","zipcode":63629},{"addr1":"제주특별자치도 제주시 구좌읍 만장굴길 34","addr2":"(구좌읍)","areacode":39,"cat1":"A01","cat2":"A0101","cat3":"A01011900","contentid":126453,"contenttypeid":12,"createdtime":20040226000000,"firstimage":"http:\/\/tong.visitkorea.or.kr\/cms\/resource\/36\/1618236_image2_1.jpg","firstimage2":"http:\/\/tong.visitkorea.or.kr\/cms\/resource\/36\/1618236_image3_1.jpg","mapx":126.7749669662,"mapy":33.5435239811,"mlevel":6,"modifiedtime":20180515153000,"readcount":42063,"sigungucode":4,"title":"김녕사굴 [유네스코 세계자연유산]","zipcode":63348},{"addr1":"제주특별자치도 제주시 조천읍 번영로 1278-169","addr2":"(조천읍)","areacode":39,"cat1":"A02","cat2":"A0202","cat3":"A02020600","contentid":1146121,"contenttypeid":12,"createdtime":20101214160113,"firstimage":"http:\/\/tong.visitkorea.or.kr\/cms\/resource\/39\/2046439_image2_1.jpg","firstimage2":"http:\/\/tong.visitkorea.or.kr\/cms\/resource\/39\/2046439_image3_1.jpg","mapx":126.6670616591,"mapy":33.4564874302,"mlevel":6,"modifiedtime":20170327103115,"readcount":41173,"sigungucode":4,"title":"에코랜드테마파크","zipcode":63346},{"addr1":"제주특별자치도 서귀포시 남성중로 40","addr2":"(서홍동)","areacode":39,"cat1":"A02","cat2":"A0202","cat3":"A02020800","contentid":128838,"contenttypeid":12,"createdtime":20060320000000,"firstimage":"http:\/\/tong.visitkorea.or.kr\/cms\/resource\/82\/1618782_image2_1.jpg","firstimage2":"http:\/\/tong.visitkorea.or.kr\/cms\/resource\/82\/1618782_image3_1.jpg","mapx":126.5584621032,"mapy":"33.2391930320","mlevel":9,"modifiedtime":20170605100843,"readcount":40073,"sigungucode":3,"title":"서귀포유람선 뉴파라다이스호","zipcode":63594},{"addr1":"제주특별자치도 서귀포시 대정읍 송악관광로 424","addr2":"(대정읍)","areacode":39,"cat1":"A02","cat2":"A0202","cat3":"A02020800","contentid":128802,"contenttypeid":12,"createdtime":20060222000000,"firstimage":"http:\/\/tong.visitkorea.or.kr\/cms\/resource\/33\/2455533_image2_1.jpg","firstimage2":"http:\/\/tong.visitkorea.or.kr\/cms\/resource\/33\/2455533_image3_1.jpg","mapx":126.2905221548,"mapy":33.2074117633,"mlevel":6,"modifiedtime":20170727113309,"readcount":39995,"sigungucode":3,"title":"마라도가는 여객선","zipcode":63513},{"addr1":"제주특별자치도 서귀포시 안덕면 화순해안로","addr2":"(화순리)","areacode":39,"cat1":"A01","cat2":"A0101","cat3":"A01011200","contentid":126443,"contenttypeid":12,"createdtime":20030925000000,"firstimage":"http:\/\/tong.visitkorea.or.kr\/cms\/resource\/38\/197738_image2_1.jpg","firstimage2":"http:\/\/tong.visitkorea.or.kr\/cms\/resource\/38\/197738_image3_1.jpg","mapx":"126.3335149080","mapy":33.2407004292,"mlevel":6,"modifiedtime":20180612145732,"readcount":39778,"sigungucode":3,"title":"화순 금모래 해변","zipcode":63530},{"addr1":"제주특별자치도 서귀포시 중문관광로 154-17","addr2":"(색달동)","areacode":39,"cat1":"A02","cat2":"A0202","cat3":"A02020600","contentid":126466,"contenttypeid":12,"createdtime":20031104000000,"firstimage":"http:\/\/tong.visitkorea.or.kr\/cms\/resource\/41\/1617141_image2_1.jpg","firstimage2":"http:\/\/tong.visitkorea.or.kr\/cms\/resource\/41\/1617141_image3_1.jpg","mapx":126.4172908955,"mapy":33.2441930275,"mlevel":6,"modifiedtime":20171024175819,"readcount":39252,"sigungucode":3,"tel":"064-738-2888","title":"퍼시픽랜드","zipcode":63535},{"addr1":"제주특별자치도 서귀포시 토평동","areacode":39,"cat1":"A01","cat2":"A0101","cat3":"A01010100","contentid":264590,"contenttypeid":12,"createdtime":20050317163124,"firstimage":"http:\/\/tong.visitkorea.or.kr\/cms\/resource\/99\/1632499_image2_1.jpg","firstimage2":"http:\/\/tong.visitkorea.or.kr\/cms\/resource\/99\/1632499_image3_1.jpg","mapx":126.5364394223,"mapy":33.3444755049,"mlevel":6,"modifiedtime":20170713171226,"readcount":39029,"sigungucode":3,"title":"한라산 백록담","zipcode":"690-200"},{"addr1":"제주특별자치도 서귀포시 이어도로 293-28","addr2":"(대포동)","areacode":39,"cat1":"A02","cat2":"A0201","cat3":"A02010800","contentid":127862,"contenttypeid":12,"createdtime":20031121000000,"firstimage":"http:\/\/tong.visitkorea.or.kr\/cms\/resource\/79\/197679_image2_1.jpg","firstimage2":"http:\/\/tong.visitkorea.or.kr\/cms\/resource\/79\/197679_image3_1.jpg","mapx":"126.4496741720","mapy":33.2453656306,"mlevel":6,"modifiedtime":20161227154634,"readcount":38881,"sigungucode":3,"tel":"064-738-5000","title":"약천사(제주)","zipcode":63543},{"addr1":"제주특별자치도 제주시 1100로 2894-72","addr2":"(연동)","areacode":39,"cat1":"A02","cat2":"A0202","cat3":"A02020600","contentid":128556,"contenttypeid":12,"createdtime":20050630000000,"firstimage":"http:\/\/tong.visitkorea.or.kr\/cms\/resource\/87\/596587_image2_1.jpg","firstimage2":"http:\/\/tong.visitkorea.or.kr\/cms\/resource\/87\/596587_image3_1.jpg","mapx":"126.4883911640","mapy":33.4521072871,"mlevel":8,"modifiedtime":20170609142704,"readcount":38799,"sigungucode":4,"tel":"064-712-6988","title":"제주러브랜드","zipcode":63079},{"addr1":"제주특별자치도 제주시 서해안로 630","addr2":"(용담삼동)","areacode":39,"cat1":"A02","cat2":"A0202","cat3":"A02020300","contentid":250412,"contenttypeid":12,"createdtime":20071026000000,"firstimage":"http:\/\/tong.visitkorea.or.kr\/cms\/resource\/40\/1950440_image2_1.jpg","firstimage2":"http:\/\/tong.visitkorea.or.kr\/cms\/resource\/40\/1950440_image3_1.jpg","mapx":"126.5045688690","mapy":33.5158588206,"mlevel":6,"modifiedtime":20161213093247,"readcount":38286,"sigungucode":4,"title":"용두암해수랜드","zipcode":63150},{"addr1":"제주특별자치도 서귀포시 안덕면 사계북로41번길 192","addr2":"(안덕면)","areacode":39,"cat1":"A02","cat2":"A0202","cat3":"A02020300","contentid":128555,"contenttypeid":12,"createdtime":20050629000000,"firstimage":"http:\/\/tong.visitkorea.or.kr\/cms\/resource\/79\/1620179_image2_1.jpg","firstimage2":"http:\/\/tong.visitkorea.or.kr\/cms\/resource\/79\/1620179_image3_1.jpg","mapx":126.2988177316,"mapy":33.2491600623,"mlevel":6,"modifiedtime":20161227105729,"readcount":38204,"sigungucode":3,"title":"제주 산방산탄산온천","zipcode":63528},{"addr1":"제주특별자치도 서귀포시 안덕면 서안골로","addr2":"(안덕면)","areacode":39,"cat1":"A01","cat2":"A0101","cat3":"A01010900","contentid":126440,"contenttypeid":12,"createdtime":20030925000000,"firstimage":"http:\/\/tong.visitkorea.or.kr\/cms\/resource\/32\/286932_image2_1.jpg","firstimage2":"http:\/\/tong.visitkorea.or.kr\/cms\/resource\/32\/286932_image3_1.jpg","mapx":"126.3516241030","mapy":33.2561962249,"mlevel":6,"modifiedtime":20180608141721,"readcount":38035,"sigungucode":3,"title":"안덕계곡","zipcode":63531},{"addr1":"제주특별자치도 제주시 한림읍 한림로 176","areacode":39,"cat1":"A02","cat2":"A0202","cat3":"A02020700","contentid":127860,"contenttypeid":12,"createdtime":20040220000000,"firstimage":"http:\/\/tong.visitkorea.or.kr\/cms\/resource\/44\/218744_image2_1.jpg","firstimage2":"http:\/\/tong.visitkorea.or.kr\/cms\/resource\/44\/218744_image3_1.jpg","mapx":126.2267487402,"mapy":33.3854910837,"mlevel":6,"modifiedtime":20170410133817,"readcount":37247,"sigungucode":4,"title":"금능석물원","zipcode":63010},{"addr1":"제주특별자치도 서귀포시 일주동로 8941","addr2":"(호근동)","areacode":39,"cat1":"A01","cat2":"A0101","cat3":"A01010700","contentid":129276,"contenttypeid":12,"createdtime":20070907000000,"firstimage":"http:\/\/tong.visitkorea.or.kr\/cms\/resource\/47\/2551247_image2_1.jpg","firstimage2":"http:\/\/tong.visitkorea.or.kr\/cms\/resource\/47\/2551247_image2_1.jpg","mapx":126.5364748637,"mapy":33.2505747612,"mlevel":6,"modifiedtime":20180620164839,"readcount":37175,"sigungucode":3,"tel":"064-739-3331","title":"석부작박물관","zipcode":63571},{"addr1":"제주특별자치도 서귀포시 표선면 돈오름로 170","areacode":39,"cat1":"A02","cat2":"A0203","cat3":"A02030500","contentid":128345,"contenttypeid":12,"createdtime":20070913000000,"firstimage":"http:\/\/tong.visitkorea.or.kr\/cms\/resource\/45\/1206345_image2_1.jpg","firstimage2":"http:\/\/tong.visitkorea.or.kr\/cms\/resource\/45\/1206345_image3_1.jpg","mapx":126.8159988653,"mapy":33.3295205105,"mlevel":6,"modifiedtime":20180103133125,"readcount":36788,"sigungucode":3,"tel":"064-787-7362, 010-7587-7364","title":"제주허브동산","zipcode":63628},{"addr1":"제주특별자치도 서귀포시 안덕면 산방로 218-13","addr2":"(안덕면)","areacode":39,"cat1":"A02","cat2":"A0201","cat3":"A02010800","contentid":126457,"contenttypeid":12,"createdtime":20021008000000,"firstimage":"http:\/\/tong.visitkorea.or.kr\/cms\/resource\/39\/1036539_image2_1.jpg","firstimage2":"http:\/\/tong.visitkorea.or.kr\/cms\/resource\/39\/1036539_image3_1.jpg","mapx":"126.3123834880","mapy":33.2371060501,"mlevel":6,"modifiedtime":20161228104544,"readcount":36498,"sigungucode":3,"title":"산방굴사(제주)","zipcode":63528},{"addr1":"제주특별자치도 제주시 한경면 녹차분재로 675","addr2":"(한경면)","areacode":39,"cat1":"A01","cat2":"A0101","cat3":"A01010700","contentid":125445,"contenttypeid":12,"createdtime":20031212000000,"firstimage":"http:\/\/tong.visitkorea.or.kr\/cms\/resource\/48\/608548_image2_1.jpg","firstimage2":"http:\/\/tong.visitkorea.or.kr\/cms\/resource\/48\/608548_image3_1.jpg","mapx":126.2551753838,"mapy":33.3254009536,"mlevel":6,"modifiedtime":20170522154002,"readcount":35955,"sigungucode":4,"tel":"064-772-3701","title":"생각하는 정원","zipcode":63005},{"addr1":"제주특별자치도 서귀포시 안덕면 일주서로 1836","areacode":39,"cat1":"A02","cat2":"A0202","cat3":"A02020700","contentid":127948,"contenttypeid":12,"createdtime":20031121000000,"firstimage":"http:\/\/tong.visitkorea.or.kr\/cms\/resource\/93\/1617293_image2_1.jpg","firstimage2":"http:\/\/tong.visitkorea.or.kr\/cms\/resource\/93\/1617293_image3_1.jpg","mapx":126.3223489123,"mapy":33.2541098844,"mlevel":6,"modifiedtime":20170822174238,"readcount":35921,"sigungucode":3,"title":"제주조각공원","zipcode":63527},{"addr1":"제주특별자치도 서귀포시 엉또로","addr2":"(강정동)","areacode":39,"cat1":"A01","cat2":"A0101","cat3":"A01010800","contentid":127052,"contenttypeid":12,"createdtime":20030908000000,"firstimage":"http:\/\/tong.visitkorea.or.kr\/cms\/resource\/96\/1954196_image2_1.jpg","firstimage2":"http:\/\/tong.visitkorea.or.kr\/cms\/resource\/96\/1954196_image3_1.jpg","mapx":126.4991777117,"mapy":33.2677556083,"mlevel":6,"modifiedtime":20171024102747,"readcount":35744,"sigungucode":3,"title":"엉또폭포","zipcode":63556},{"addr1":"제주특별자치도 서귀포시 서홍로 4-42","addr2":"(서홍동)","areacode":39,"cat1":"A01","cat2":"A0101","cat3":"A01010500","contentid":129395,"contenttypeid":12,"createdtime":20061120000000,"firstimage":"http:\/\/tong.visitkorea.or.kr\/cms\/resource\/23\/199023_image2_1.jpg","firstimage2":"http:\/\/tong.visitkorea.or.kr\/cms\/resource\/23\/199023_image3_1.jpg","mapx":126.5551177065,"mapy":33.2499640127,"mlevel":6,"modifiedtime":20180514153058,"readcount":35306,"sigungucode":3,"title":"천지연 걸매생태공원","zipcode":63594},{"addr1":"제주 서귀포시","areacode":39,"cat1":"B03","cat2":"B0305","contentid":125402,"contenttypeid":12,"createdtime":20020423000000,"firstimage":"http:\/\/tong.visitkorea.or.kr\/cms\/resource\/02\/1941602_image2_1.jpg","firstimage2":"http:\/\/tong.visitkorea.or.kr\/cms\/resource\/02\/1941602_image3_1.jpg","mapx":126.5105853278,"mapy":33.2556182395,"mlevel":7,"modifiedtime":20141001164337,"readcount":35152,"sigungucode":3,"title":"서귀포시","zipcode":"697-701"},{"addr1":"제주특별자치도 제주시 구좌읍 번영로 2172-80","areacode":39,"cat1":"A02","cat2":"A0202","cat3":"A02020700","contentid":702838,"contenttypeid":12,"createdtime":20090304141706,"firstimage":"http:\/\/tong.visitkorea.or.kr\/cms\/resource\/96\/1620096_image2_1.jpg","firstimage2":"http:\/\/tong.visitkorea.or.kr\/cms\/resource\/96\/1620096_image3_1.jpg","mapx":126.7433697038,"mapy":33.4224757468,"mlevel":6,"modifiedtime":20160902214413,"readcount":35025,"sigungucode":4,"tel":"064-783-6700","title":"제주아트랜드","zipcode":63355},{"addr1":"제주특별자치도 서귀포시 남성중로 40","addr2":"(서홍동)","areacode":39,"cat1":"A02","cat2":"A0202","cat3":"A02020800","contentid":126665,"contenttypeid":12,"createdtime":20020927000000,"firstimage":"http:\/\/tong.visitkorea.or.kr\/cms\/resource\/7


이건.. JSON 오브젝트로 이루어진 배열중에 특정 값만 filter 시킬때 유용하다.


var newArr = item.filter(function(item){    
  return item.contentid === "322836";
});  
console.log("Filter results:",newArr);